last_name,first_name,street_address,unit,city,state,zip,dob,ssn,email_address,mobile_number,account_number
Dark,Joseph,7 B Blue Ridge Blvd,,Brighton,Michigan,48116,1975-03-01,205-81-3991,jdarky@darakjy.org,5046218927,43991
James,Butt,6649 N Blue Gum St,,New Orleans,Louisiana,70116,1965-07-29,508-60-8859,jbutt@gmail.com,7134926037,26522
Josephine,Darakjy,4 B Blue Ridge Blvd,,Brighton,Michigan,48116,1975-03-01,205-81-3006,josephine_darakjy@darakjy.org,5046218927,31938
Art,Venere,8 W Cerritos Ave,#54,Bridgeport,New Jersey,8014,1947-11-10,793-96-7688,art@venere.org,8102929388,31094
Lenna,Paprocki,639 Main St,,Anchorage,Alaska,99501,1986-02-11,581-28-7051,lpaprocki@hotmail.com,8566368749,18393
Kiles,Teresa,54 E 75th St,#69,Los Angeles,California,90034,1955-09-27,322-92-1333,tkiles54@aol.com,6313353414,21333
Donette,Foller,34 Center St,,Hamilton,Ohio,45011,1939-06-11,375-46-8304,donette.foller@cox.net,9073854412,37466
Simona,Morasca,3 Mcauley Dr,,Ashland,Ohio,44805,1968-01-12,760-78-8845,simona@morasca.com,5135701893,38829
Mitsue,Tollner,7 Eads St,,Chicago,Illinois,60632,1985-03-31,726-64-8750,mitsue_tollner@yahoo.com,4195032484,25643
Leota,Dilliard,7 W Jackson Blvd,,San Jose,California,95111,1979-02-23,873-25-6496,leota@hotmail.com,7735736914,32628
Sage,Wieser,5 Boston Ave,#88,Sioux Falls,South Dakota,57105,1975-06-10,965-59-9766,sage_wieser@cox.net,4087523500,18054
Kris,Marrier,228 Runamuck Pl,#2808,Baltimore,Maryland,21224,1973-03-25,557-49-4226,kris@gmail.com,6054142147,37632
Minna,Amigon,2371 Jerrold Ave,,Kulpsville,Pennsylvania,19443,1947-01-22,836-42-6534,minna_amigon@yahoo.com,4106558723,28226
Abel,Maclead,37275 St  Rt 17m M,,Middle Island,New York,11953,1965-12-12,282-99-7138,amaclead@gmail.com,2158741229,37226
Kiley,Caldarera,25 E 75th St,#69,Los Angeles,California,90034,1955-09-27,322-92-7570,kiley.caldarera@aol.com,6313353414,19485
Graciela,Ruta,98 Connecticut Ave Nw,,Chagrin Falls,Ohio,44023,1956-05-03,369-95-8546,gruta@cox.net,3104985651,33945
Cammy,Albares,56 E Morehead St,,Laredo,Texas,78045,1976-03-25,431-08-6477,calbares@gmail.com,4407808425,14829
Mattie,Poquette,73 State Road 434 E,,Phoenix,Arizona,85013,1941-02-22,709-90-6312,mattie@aol.com,9565376195,22824
Meaghan,Garufi,69734 E Carrillo St,,Mc Minnville,Tennessee,37110,1946-12-13,432-24-8074,meaghan@hotmail.com,6022774385,31452
Gladys,Rim,322 New Horizon Blvd,,Milwaukee,WISCONSIN,53207,1951-12-21,249-34-8665,gladys.rim@rim.org,9313139635,26856
Yuki,Whobrey,1 State Route 27,,Taylor,Michigan,48180,1978-05-06,324-80-4342,yuki_whobrey@aol.com,4146619598,26607
Fletcher,Flosi,394 Manchester Blvd,,Rockford,Illinois,61109,1968-04-18,733-27-4800,fletcher.flosi@yahoo.com,3132887937,36717
Bette,Nicka,6 S 33rd St,,Aston,Pennsylvania,19014,1959-03-17,550-22-5793,bette_nicka@cox.net,8158282147,37385
Veronika,Inouye,6 Greenleaf Ave,,San Jose,California,95111,1996-12-23,357-08-2396,vinouye@aol.com,6105453615,33717
Willard,Kolmetz,618 W Yakima Ave,,Irving,Texas,75062,1987-12-28,295-78-6006,willard@hotmail.com,4085401785,14281
Maryann,Royster,74 S Westgate St,,Albany,New York,12204,1963-02-27,959-99-6560,mroyster@royster.com,9723039197,28658
Alisha,Slusarski,3273 State St,,Middlesex,New Jersey,8846,1949-08-29,537-64-6119,alisha@slusarski.com,5189667987,30881
Allene,Iturbide,1 Central Ave,,Stevens Point,Wisconsin,54481,1985-02-24,771-35-1835,allene_iturbide@cox.net,7326583154,33152
Chanel,Caudy,86 Nw 66th St,#8673,Shawnee,Kansas,66218,1972-06-18,892-15-4289,chanel.caudy@caudy.org,7156626764,15482
Ezekiel,Chui,2 Cedar Ave,#84,Easton,Maryland,21601,1950-07-13,792-14-1333,ezekiel@chui.com,9133882079,16456
Willow,Kusko,90991 Thorburn Ave,,New York,New York,10011,1955-05-18,719-41-7284,wkusko@yahoo.com,4106691642,27014
Bernardo,Figeroa,386 9th Ave N,,Conroe,Texas,77301,1955-04-13,858-14-2437,bfigeroa@aol.com,2125824976,34454
Ammie,Corrio,74874 Atlantic Ave,,Columbus,Ohio,43215,1975-01-10,865-62-8550,ammie@corrio.com,9363363951,26777
Francine,Vocelka,366 South Dr,,Las Cruces,New Mexico,88011,1962-04-30,288-18-1881,francine_vocelka@vocelka.com,6148019788,20759
Ernie,Stenseth,45 E Liberty St,,Ridgefield Park,New Jersey,7660,1976-01-02,668-59-1234,ernie_stenseth@aol.com,5059773911,32922
Albina,Glick,4 Ralph Ct,,Dunellen,New Jersey,8812,1993-01-31,798-85-9268,albina@glick.com,2017096245,17079
Alishia,Sergi,2742 Distribution Way,,New York,New York,10025,1942-01-22,981-71-5987,asergi@gmail.com,7329247882,26603
Solange,Shinko,426 Wolf St,,Metairie,Louisiana,70002,1986-02-28,400-86-4353,solange@shinko.com,2128601579,20669
Jose,Stockham,128 Bransten Rd,,New York,New York,10011,1988-08-04,517-23-7218,jose@yahoo.com,5049799175,22965
Rozella,Ostrosky,17 Morena Blvd,,Camarillo,California,93012,1973-12-27,942-80-9716,rozella.ostrosky@ostrosky.com,2126758570,24029
Valentine,Gillian,775 W 17th St,,San Antonio,Texas,78204,1945-09-30,730-09-4476,valentine_gillian@gmail.com,8058326163,31488
Kati,Rulapaugh,6980 Dorsett Rd,,Abilene,Kansas,67410,1954-08-05,445-65-4320,kati.rulapaugh@hotmail.com,2108129597,31593
Youlanda,Schemmer,2881 Lewis Rd,,Prineville,Oregon,97754,1985-03-27,391-95-5844,youlanda@aol.com,7854637829,29042
Dyan,Oldroyd,7219 Woodfield Rd,,Overland Park,Kansas,66204,1982-08-12,354-61-8954,doldroyd@aol.com,5415488197,33013
Roxane,Campain,1048 Main St,,Fairbanks,Alaska,99708,1964-04-26,981-01-6885,roxane@hotmail.com,9134134604,17447
Lavera,Perin,678 3rd Ave,,Miami,Florida,33196,1948-10-13,573-59-1846,lperin@perin.org,9072314722,30100
Erick,Ferencz,20 S Babcock St,,Fairbanks,Alaska,99712,1978-08-12,751-83-6541,erick.ferencz@aol.com,3056067291,38206
Fatima,Saylors,2 Lighthouse Ave,,Hopkins,Minnesota,55343,1942-09-14,669-94-4317,fsaylors@saylors.org,9077411044,17561
Jina,Briddick,38938 Park Blvd,,Boston,Massachusetts,2128,1949-01-17,903-17-8397,jina_briddick@briddick.com,9527682416,32104
Kanisha,Waycott,5 Tomahawk Dr,,Los Angeles,California,90006,1948-06-30,559-78-9126,kanisha_waycott@yahoo.com,6173995124,23777
Emerson,Bowley,762 S Main St,,Madison,Wisconsin,53711,1981-05-18,607-56-8700,emerson.bowley@bowley.org,3234532780,20565
Blair,Malet,209 Decker Dr,,Philadelphia,Pennsylvania,19132,1988-11-21,952-98-9755,bmalet@yahoo.com,6083367444,32218
Venn,Artie,81 W Cerritos Ave,#54,Bridgeport,New Jersey,8014,1947-11-10,793-96-4891,art@venere.org,8102929388,44891
Paps,Lenord,6391 Main St,,Anchorage,Alaska,99501,1986-02-11,581-28-6762,lenpaps@hotmail.com,8566368749,46762
Fuller,Don,345 Center St,,Hamilton,Ohio,45011,1939-06-11,375-46-3111,donniefuller.foller@cox.net,9073854412,53111
Sam,Mirasca,321 Mcauley Dr,,Ashland,Ohio,44805,1968-01-12,760-78-3222,smirasca@hotmail.com,5135701893,53222
Brock,Bolognia,4486 W O St,#1,New York,New York,10003,1963-10-21,619-36-4722,bbolognia@yahoo.com,2159079111,36620
Lorrie,Nestle,39 S 7th St,,Tullahoma,Tennessee,37388,1980-05-05,996-30-7551,lnestle@hotmail.com,2124029216,32946
Sabra,Uyetake,98839 Hawthorne Blvd,#6101,Columbia,South Carolina,29201,1961-05-18,577-26-5158,sabra@uyetake.org,9318756644,30483
Marjory,Mastella,71 San Mateo Ave,,Wayne,Pennsylvania,19087,1969-09-02,232-44-8676,mmastella@mastella.com,8039255213,15971
Karl,Klonowski,76 Brooks St,#9,Flemington,New Jersey,8822,1955-12-30,879-61-5480,karl_klonowski@yahoo.com,6108145533,25770
Tonette,Wenner,4545 Courthouse Rd,,Westbury,New York,11590,1968-12-23,419-94-8007,twenner@aol.com,9088776135,25423
Amber,Monarrez,14288 Foster Ave,#4121,Jenkintown,Pennsylvania,19046,1954-10-18,544-01-9522,amber_monarrez@monarrez.org,5169686051,36453
Mitchel,Tanner,17 Eads St,,Chicago,Illinois,60632,1985-03-31,726-64-4566,mtanner@yahoo.com,4195032484,54566
Smith,Dilliard,3 W Jackson Blvd,,San Jose,California,95111,1979-02-23,873-25-4722,sdillard@hotmail.com,7735736914,54722
West,Anthony,2152 Boston Ave,#88,Sioux Falls,South Dakota,57105,1975-06-10,965-59-4891,west_anthony@cox.net,4087523500,54891
Cris,Davis,132 Runamuck Pl,#2808,Baltimore,Maryland,21224,1973-03-25,557-49-4992,chris@gmail.com,6054142147,54992
Shenika,Seewald,4 Otis St,,Van Nuys,California,91405,1971-11-29,704-75-2483,shenika@gmail.com,2159348655,17504
Green,Ruth,128 Connecticut Ave Nw,,Columbus,Ohio,44023,1956-05-03,369-95-7222,ruth759@cox.net,3104985651,37222
Delmy,Ahle,65895 S 16th St,,Providence,Rhode Island,2909,1987-02-01,694-83-9579,delmy.ahle@hotmail.com,8184234007,33653
Deeanna,Juhas,14302 Pennsylvania Ave,,Huntingdon Valley,Pennsylvania,19006,1992-06-07,879-39-2882,deeanna_juhas@gmail.com,4014582547,37500
Blondell,Pugh,201 Hawk Ct,,Providence,Rhode Island,2904,1958-12-27,820-76-3572,bpugh@aol.com,2152119589,30808
Jamal,Vanausdal,53075 Sw 152nd Ter,#615,Monroe Township,New Jersey,8831,1946-11-11,861-03-8266,jamal@vanausdal.org,4019608259,37096
Cecily,Hollack,59 N Groesbeck Hwy,,Austin,Texas,78731,1944-11-07,506-77-1828,cecily@hollack.org,7322341546,27694
Carmelina,Lindall,2664 Lewis Rd,,Littleton,Colorado,80126,1986-07-17,938-91-5916,carmelina_lindall@lindall.com,5124863817,32407
Maurine,Yglesias,59 Shady Ln,#53,Milwaukee,Wisconsin,53214,1956-09-17,673-41-9947,maurine_yglesias@yglesias.com,3037247371,18230
Tawna,Buvens,3305 Nabell Ave,#679,New York,New York,10009,1947-09-13,236-64-4160,tawna@gmail.com,4147481374,29833
Penney,Weight,18 Fountain St,,Anchorage,Alaska,99515,1981-08-26,338-99-9898,penney_weight@aol.com,2126749610,21566
Elly,Morocco,7 W 32nd St,,Erie,Pennsylvania,16502,1958-09-04,839-94-7882,elly_morocco@gmail.com,9077979628,28388
Ilene,Eroman,2853 S Central Expy,,Glen Burnie,Maryland,21061,1974-01-24,409-19-2830,ilene.eroman@hotmail.com,8143935571,23800
Vallie,Mondella,74 W College St,,Boise,Idaho,83707,1948-05-09,620-25-4907,vmondella@mondella.com,4109149018,27143
Kallie,Blackwood,701 S Harrison Rd,,San Francisco,California,94104,1970-04-16,700-68-2667,kallie.blackwood@gmail.com,2088625339,19990
Johnetta,Abdallah,1088 Pinehurst St,,Chapel Hill,North Carolina,27514,1982-06-06,445-46-4905,johnetta_abdallah@aol.com,4153152761,22969
Bobbye,Rhym,30 W 80th St,#1995,San Carlos,California,94070,1989-06-04,802-79-3430,brhym@rhym.com,9192259345,23991
Micaela,Rhymes,20932 Hedley St,,Concord,California,94520,1978-10-04,368-34-6459,micaela_rhymes@gmail.com,6505285783,17178
Tamar,Hoogland,2737 Pistorio Rd,#9230,London,Ohio,43140,1969-08-18,771-92-2761,tamar@hotmail.com,9256473298,36403
Moon,Parlato,74989 Brandon St,,Wellsville,New York,14895,1973-02-12,305-56-6141,moon@yahoo.com,7403438575,21248
Smith,Michael,4306 Yoakum Blvd,,Houston,Texas,77006,1965-07-29,108-60-1119,msmith111@gmail.com,7134921111,11111
Laurel,Reitler,6 Kains Ave,,Baltimore,Maryland,21215,1994-08-23,484-89-6813,laurel_reitler@reitler.com,5858668313,24493
Delisa,Crupi,47565 W Grand Ave,,Newark,New Jersey,7105,1954-04-17,810-62-3331,delisa.crupi@crupi.com,4105204832,28078
Viva,Toelkes,4284 Dorigo Ln,,Chicago,Illinois,60647,1973-02-15,202-60-6544,viva.toelkes@gmail.com,9733542040,28440
Elza,Lipke,6794 Lake Dr E,,Newark,New Jersey,7104,1955-07-20,943-94-1781,elza@yahoo.com,7734465569,21152
Devorah,Chickering,31 Douglas Blvd,#950,Clovis,New Mexico,88101,1963-06-03,668-83-1637,devorah@hotmail.com,9739273447,27348
Timothy,Mulqueen,44 W 4th St,,Staten Island,New York,10309,1942-10-07,895-27-9722,timothy_mulqueen@mulqueen.org,5059758559,33788
Arlette,Honeywell,11279 Loytan St,,Jacksonville,Florida,32254,1986-12-17,349-88-8033,ahoneywell@honeywell.com,7183326527,39236
Dominque,Dickerson,69 Marquette Ave,,Hayward,California,94545,1943-12-16,541-64-9094,dominque.dickerson@dickerson.org,9047754480,15451
Lettie,Isenhower,70 W Main St,,Beachwood,Ohio,44122,1980-05-03,475-16-9431,lettie_isenhower@yahoo.com,5109933758,31481
Myra,Munns,461 Prospect Pl,#316,Euless,Texas,76040,1977-01-14,246-73-6741,mmunns@cox.net,2166577668,32489
Stephaine,Barfield,47154 Whipple Ave Nw,,Gardena,California,90247,1958-06-03,321-52-1088,stephaine@barfield.com,8179147518,32130
Lai,Gato,37 Alabama Ave,,Evanston,Illinois,60201,1939-04-05,719-07-5341,lai.gato@gato.org,3107747643,22367
Stephen,Emigh,3777 E Richmond St,#900,Akron,Ohio,44302,1949-10-11,665-64-6569,stephen_emigh@hotmail.com,8477287286,28042
Tyra,Shields,3 Fort Worth Ave,,Philadelphia,Pennsylvania,19106,1944-10-21,372-84-7538,tshields@gmail.com,3305375358,21455
Tammara,Wardrip,4800 Black Horse Pike,,Burlingame,California,94010,1948-03-23,239-44-7066,twardrip@cox.net,2152551641,19939
Cory,Gibes,83649 W Belmont Ave,,San Gabriel,California,91776,1985-03-02,743-77-5189,cory.gibes@gmail.com,6508031936,17538
Danica,Bruschke,840 15th Ave,,Waco,Texas,76708,1949-09-03,406-49-9428,danica_bruschke@gmail.com,6265721096,14739
Wilda,Giguere,1747 Calle Amanecer,#2,Anchorage,Alaska,99501,1993-04-03,318-78-4058,wilda@cox.net,2547828569,15041
Doe,Jane,5905 Broadway St,,New York,New York,10463,1982-01-02,133-63-3339,jdoe333@gmail.com,7134913333,33333
Elvera,Benimadho,99385 Charity St,#840,San Jose,California,95110,1975-12-31,841-49-4823,elvera.benimadho@cox.net,9078705536,23697
Carma,Vanheusen,68556 Central Hwy,,San Leandro,California,94577,1950-08-16,656-99-3419,carma@cox.net,4087038505,17777
Malinda,Hochard,55 Riverside Ave,,Indianapolis,Indiana,46202,1947-08-29,899-90-9751,malinda.hochard@yahoo.com,5105037169,29437
Natalie,Fern,7140 University Ave,,Rock Springs,Wyoming,82901,1955-06-09,785-44-6111,natalie.fern@hotmail.com,3177225066,24124
Lisha,Centini,64 5th Ave,#1153,Mc Lean,Virginia,22102,1948-04-12,538-75-7288,lisha@centini.org,3077048713,24732
Arlene,Klusman,3 Secor Rd,,New Orleans,Louisiana,70112,1944-12-15,726-39-2318,arlene_klusman@gmail.com,7032353937,32764
Wilson,May,7132 Jerrold Ave,,Kulpsville,Pennsylvania,19443,1947-01-22,836-42-4999,may_wilson@yahoo.com,4106558723,54999
Abel,Monica,13727 St  Rt 17m M,,Middle Island,New York,11953,1965-12-12,282-99-2555,mabel99@gmail.com,2158741229,33555
Alease,Buemi,4 Webbs Chapel Rd,,Boulder,Colorado,80303,1990-06-01,335-82-1590,alease@buemi.com,5047105840,19820
Louisa,Cronauer,524 Louisiana Ave Nw,,San Leandro,California,94577,1951-04-19,396-91-3422,louisa@cronauer.com,3033014946,30885
Angella,Cetta,185 Blackstone Bldge,,Honolulu,Hawaii,96817,1969-05-25,914-77-5912,angella.cetta@hotmail.com,5108287047,14889
Cyndy,Goldammer,170 Wyoming Ave,,Burnsville,Minnesota,55337,1987-06-18,484-79-7413,cgoldammer@cox.net,8088927943,17032
Rosio,Cork,4 10th St W,,High Point,North Carolina,27263,1968-09-27,799-36-8050,rosio.cork@gmail.com,9523349408,31815
Celeste,Korando,7 W Pinhook Rd,,Lynbrook,New York,11563,1943-10-11,805-82-1942,ckorando@hotmail.com,3362435659,21410
Twana,Felger,1 Commerce Way,,Portland,Oregon,97224,1954-04-21,435-23-6883,twana.felger@felger.org,5165092347,27486
Estrella,Samu,64 Lakeview Ave,,Beloit,Wisconsin,53511,1992-07-28,836-97-8566,estrella@aol.com,5039393153,14328
Donte,Kines,3 Aspen St,,Worcester,Massachusetts,1602,1970-08-04,686-36-8791,dkines@hotmail.com,6089767199,21795
Tiffiny,Steffensmeier,32860 Sierra Rd,,Miami,Florida,33133,1995-04-07,379-33-2544,tiffiny_steffensmeier@cox.net,5084298576,24379
Edna,Miceli,555 Main St,,Erie,Pennsylvania,16502,1945-01-17,201-67-5659,emiceli@miceli.org,3053859695,29455
Sue,Kownacki,2 Se 3rd Ave,,Mesquite,Texas,75149,1992-05-20,918-28-4777,sue@aol.com,8144602655,31844
Jesusa,Shin,2239 Shawnee Mission Pky,,Tullahoma,Tennessee,37388,1989-12-15,494-16-3129,jshin@shin.com,9726663413,15883
Rolland,Francescon,2726 Charcot Ave,,Paterson,New Jersey,7501,1958-09-15,609-51-4228,rolland@cox.net,9312738709,32240
Pamella,Schmierer,5161 Dorsett Rd,,Homestead,Florida,33030,1971-05-30,443-44-9995,pamella.schmierer@schmierer.org,9736492922,25368
Glory,Kulzer,55892 Jacksonville Rd,,Owings Mills,Maryland,21117,1977-02-23,252-73-5298,gkulzer@kulzer.org,3054208970,19517
Shawna,Palaspas,5 N Cleveland Massillon Rd,,Thousand Oaks,California,91362,1961-06-22,657-28-4128,shawna_palaspas@palaspas.org,4102249462,14558
Brandon,Callaro,7 Benton Dr,,Honolulu,Hawaii,96819,1965-05-01,750-37-1076,brandon_callaro@hotmail.com,8052753566,31957
Scarlet,Cartan,9390 S Howell Ave,,Albany,Georgia,31701,1963-01-22,813-24-3598,scarlet.cartan@yahoo.com,8082156832,26263
Oretha,Menter,8 County Center Dr,#647,Boston,Massachusetts,2210,1948-11-02,966-27-9200,oretha_menter@yahoo.com,2297353378,34729
Ty,Smith,4646 Kaahumanu St,,Hackensack,New Jersey,7601,1974-02-03,748-18-6394,tsmith@aol.com,6174185043,37639
Xuan,Rochin,2 Monroe St,,San Mateo,California,94403,1987-02-14,704-48-4700,xuan@gmail.com,2016721553,39330
Lindsey,Dilello,52777 Leaders Heights Rd,,Ontario,California,91761,1995-03-29,387-05-9052,lindsey.dilello@hotmail.com,6509335072,19862
Devora,Perez,72868 Blackington Ave,,Oakland,California,94606,1992-01-15,884-06-8032,devora_perez@perez.org,9096399887,32307
Herman,Demesa,9 Norristown Rd,,Troy,New York,12180,1960-07-31,833-83-4886,hdemesa@cox.net,5109553016,36836
Rory,Papasergi,83 County Road 437,#8581,Clarks Summit,Pennsylvania,18411,1950-03-15,670-88-3233,rpapasergi@cox.net,5184972940,20598
Talia,Riopelle,1 N Harlem Ave,#9,Orange,New Jersey,7050,1968-08-13,861-01-3917,talia_riopelle@aol.com,5708677489,22239
Van,Shire,90131 J St,,Pittstown,New Jersey,8867,1955-08-10,974-79-4897,van.shire@shire.com,9732452133,21777
Lucina,Lary,8597 W National Ave,,Cocoa,Florida,32922,1970-03-25,295-44-4351,lucina_lary@cox.net,9084092890,26955
Bok,Isaacs,6 Gilson St,,Bronx,New York,10468,1970-10-01,335-29-2756,bok.isaacs@aol.com,3217494981,19444
Rolande,Spickerman,65 W Maple Ave,,Pearl City,Hawaii,96782,1965-09-08,974-06-4560,rolande.spickerman@spickerman.com,7188093762,30340
Howard,Paulas,866 34th Ave,,Denver,Colorado,80231,1940-01-10,625-39-3954,hpaulas@gmail.com,8083153077,24616
Kimbery,Madarang,798 Lund Farm Way,,Rockaway,New Jersey,7866,1976-06-09,468-40-1341,kimbery_madarang@cox.net,3036234241,30772
Thurman,Manno,9387 Charcot Ave,,Absecon,New Jersey,8201,1953-09-01,777-54-5408,thurman.manno@yahoo.com,9733101634,20011
Becky,Mirafuentes,30553 Washington Rd,,Plainfield,New Jersey,7062,1986-02-18,933-95-7101,becky.mirafuentes@mirafuentes.com,6095243586,13626
Beatriz,Corrington,481 W Lemon St,,Middleboro,Massachusetts,2346,1952-08-30,869-73-1483,beatriz@yahoo.com,9088778409,22782
Marti,Maybury,4 Warehouse Point Rd,#7,Chicago,Illinois,60638,1955-03-22,990-69-7499,marti.maybury@yahoo.com,5085844279,19505
Nieves,Gotter,4940 Pulaski Park Dr,,Portland,Oregon,97202,1952-12-06,652-19-4829,nieves_gotter@gmail.com,7737754522,13986
Leatha,Hagele,627 Walford Ave,,Dallas,Texas,75227,1939-04-28,622-16-2635,lhagele@cox.net,5035275274,36827
Valentin,Klimek,137 Pioneer Way,,Chicago,Illinois,60604,1964-07-02,624-48-5014,vklimek@klimek.org,2143391809,16392
Melissa,Wiklund,61 13 Stoneridge,#835,Findlay,Ohio,45840,1940-11-02,859-36-7982,melissa@cox.net,3123035453,38256
Sheridan,Zane,2409 Alabama Rd,,Riverside,California,92501,1955-12-24,217-14-7775,sheridan.zane@zane.com,4199393613,37616
Bulah,Padilla,8927 Vandever Ave,,Waco,Texas,76707,1952-06-05,863-85-5959,bulah_padilla@hotmail.com,9516453605,30942
Audra,Kohnert,134 Lewis Rd,,Nashville,Tennessee,37211,1976-06-03,568-58-1173,audra@kohnert.com,2544634368,18067
Daren,Weirather,9 N College Ave,#3,Milwaukee,Wisconsin,53216,1965-04-03,704-56-9185,dweirather@aol.com,6154067854,23427
Fernanda,Jillson,60480 Old Us Highway 51,,Preston,Maryland,21655,1990-06-29,292-17-7679,fjillson@aol.com,4149592540,20717
Gearldine,Gellinger,4 Bloomfield Ave,,Irving,Texas,75061,1939-10-17,997-55-7393,gearldine_gellinger@gellinger.com,4103875260,25471
Chau,Kitzman,429 Tiger Ln,,Beverly Hills,California,90212,1989-07-26,492-15-1843,chau@gmail.com,9729346914,39184
Doe,John,1053 Hi Point St,,Los Angeles,California,90035,1979-03-03,122-62-2229,jdoe222@gmail.com,7134912222,22222
Theola,Frey,54169 N Main St,,Massapequa,New York,11758,1967-06-07,277-80-2793,theola_frey@frey.com,3105608022,36086
Cheryl,Haroldson,92 Main St,,Atlantic City,New Jersey,8401,1951-01-04,715-53-3475,cheryl@haroldson.org,5169485768,20908
Laticia,Merced,72 Mannix Dr,,Cincinnati,Ohio,45203,1954-07-15,643-93-7552,lmerced@gmail.com,6095187697,26669
Carissa,Batman,12270 Caton Center Dr,,Eugene,Oregon,97401,1977-02-16,276-90-6166,carissa.batman@yahoo.com,5135087371,26208
Lezlie,Craghead,749 W 18th St,#45,Smithfield,North Carolina,27577,1976-08-19,421-15-6096,lezlie.craghead@craghead.org,5413264074,14405
Ozell,Shealy,8 Industry Ln,,New York,New York,10002,1977-10-14,229-42-9426,oshealy@hotmail.com,9195333762,16841
Arminda,Parvis,1 Huntwood Ave,,Phoenix,Arizona,85017,1975-11-17,568-45-7893,arminda@parvis.com,2123328435,28382
Reita,Leto,55262 N French Rd,,Indianapolis,Indiana,46240,1988-12-13,557-73-6098,reita.leto@gmail.com,6029069419,13868
Yolando,Luczki,422 E 21st St,,Syracuse,New York,13214,1993-01-22,521-52-1366,yolando@cox.net,3172341135,26995
Lizette,Stem,501 N 19th Ave,,Cherry Hill,New Jersey,8002,1951-10-07,214-91-5566,lizette.stem@aol.com,3153044759,33452
Gregoria,Pawlowicz,455 N Main Ave,,Garden City,New York,11530,1966-06-27,637-26-5571,gpawlowicz@yahoo.com,8564875412,16068
Carin,Deleo,1844 Southern Blvd,,Little Rock,Arkansas,72202,1963-08-07,688-43-5741,cdeleo@deleo.com,5162121915,17478
Chantell,Maynerich,2023 Greg St,,Saint Paul,Minnesota,55101,1995-06-29,261-88-8538,chantell@yahoo.com,5013081040,20253
Dierdre,Yum,63381 Jenks Ave,,Philadelphia,Pennsylvania,19134,1989-06-02,952-49-6267,dyum@yahoo.com,6515912583,25087
Larae,Gudroe,6651 Municipal Rd,,Houma,Louisiana,70360,1961-10-01,878-15-1123,larae_gudroe@gmail.com,2153253042,29075
Latrice,Tolfree,81 Norris Ave,#525,Ronkonkoma,New York,11779,1994-02-18,637-05-7034,latrice.tolfree@hotmail.com,9858907262,31010
Kerry,Theodorov,6916 W Main St,,Sacramento,California,95827,1979-09-21,613-88-4366,kerry.theodorov@gmail.com,6319577624,38915
Dorthy,Hidvegi,9635 S Main St,,Boise,Idaho,83704,1949-09-25,375-84-4942,dhidvegi@yahoo.com,9165913277,14215
Fannie,Lungren,17 Us Highway 111,,Round Rock,Texas,78664,1975-05-25,759-82-7734,fannie.lungren@yahoo.com,2086492373,32977
Evangelina,Radde,992 Civic Center Dr,,Philadelphia,Pennsylvania,19123,1996-10-06,323-93-9629,evangelina@aol.com,5125875746,23202
Novella,Degroot,303 N Radcliffe St,,Hilo,Hawaii,96720,1989-09-25,726-07-8083,novella_degroot@degroot.org,2159643284,26045
Clay,Hoa,73 Saint Ann St,#86,Reno,Nevada,89502,1977-04-13,948-54-3033,choa@hoa.org,8084774775,35934
Jennifer,Fallick,44 58th St,,Wheeling,Illinois,60090,1967-03-23,560-94-2916,jfallick@yahoo.com,7755018109,31092
Irma,Wolfgramm,9745 W Main St,,Randolph,New Jersey,7869,1991-10-21,637-83-3065,irma.wolfgramm@hotmail.com,8479799545,13907
Eun,Coody,84 Bloomfield Ave,,Spartanburg,South Carolina,29301,1989-11-14,412-52-2233,eun@yahoo.com,9735457355,38303
Sylvia,Cousey,287 Youngstown Warren Rd,,Hampstead,Maryland,21074,1945-11-23,384-25-9142,sylvia_cousey@cousey.org,8642563620,26238
Nana,Wrinkles,6 Van Buren St,,Mount Vernon,New York,10553,1995-09-17,669-72-7713,nana@aol.com,4102099545,32779
Layla,Springe,229 N Forty Driv,,New York,New York,10011,1950-02-26,236-12-1563,layla.springe@cox.net,9148552115,19855
Joesph,Degonia,2887 Knowlton St,#5435,Berkeley,California,94710,1991-01-05,824-68-1427,joesph_degonia@degonia.org,2122603151,34882
Annabelle,Boord,523 Marquette Ave,,Concord,Massachusetts,1742,1977-09-19,245-76-3666,annabelle.boord@cox.net,5106779785,33168
Stephaine,Vinning,3717 Hamann Industrial Pky,,San Francisco,California,94104,1972-04-20,451-69-7394,stephaine@cox.net,9786976263,25634
Nelida,Sawchuk,3 State Route 35 S,,Paramus,New Jersey,7652,1950-01-03,878-30-4646,nelida@gmail.com,4157676596,28064
Marguerita,Hiatt,82 N Highway 67,,Oakley,California,94561,1950-07-23,760-82-4747,marguerita.hiatt@gmail.com,2019711638,17593
Carmela,Cookey,9 Murfreesboro Rd,,Chicago,Illinois,60623,1970-08-21,874-38-6574,ccookey@cookey.org,9256347158,21994
Junita,Brideau,6 S Broadway St,,Cedar Grove,New Jersey,7009,1942-02-27,658-23-9212,jbrideau@aol.com,7734944195,30796
Claribel,Varriano,6 Harry L Dr,#6327,Perrysburg,Ohio,43551,1958-11-24,337-41-6133,claribel_varriano@cox.net,9739433423,23312
Benton,Skursky,47939 Porter Ave,,Gardena,California,90248,1975-06-26,289-76-4017,benton.skursky@aol.com,4195444900,35903
Hillary,Skulski,9 Wales Rd Ne,#914,Homosassa,Florida,34448,1984-12-04,418-85-4593,hillary.skulski@aol.com,3105792907,29162
Merilyn,Bayless,195 13n N,,Santa Clara,California,95054,1943-04-26,919-99-7195,merilyn_bayless@cox.net,3522422570,16090
Teri,Ennaco,99 Tank Farm Rd,,Hazleton,Pennsylvania,18201,1990-10-11,391-34-8484,tennaco@gmail.com,4087585015,29402
